{
    "rmse": 0.7299448829347,
    "mae": 0.5680186481857049,
    "r2": 0.24304655189294977
}